Segundos,Bytes_Por_Segundo
9.71,1444
9.72,25992
9.73,25992
9.74,24548
9.75,25992
9.76,25992
9.77,25992
9.78,25992
9.79,25992
9.8,25992
9.81,25992
9.82,25992
9.83,25992
9.84,25992
9.85,25992
9.86,25992
9.87,25992
9.88,25992
9.89,24548
9.9,25992
9.91,25992
9.92,25992
9.93,25992
9.94,25992
9.95,25992
9.96,25992
9.97,25992
9.98,25992
9.99,25992
10.0,24548
10.01,25992
10.02,25992
10.03,25992
10.04,25992
10.05,25992
10.06,25992
10.07,25992
10.08,25992
10.09,25992
10.1,24548
10.11,25992
10.12,25992
10.13,25992
10.14,25992
10.15,25992
10.16,25992
10.17,25992
10.18,25992
10.19,24548
10.2,25992
10.21,25992
10.22,25992
10.23,25992
10.24,25992
10.25,25992
10.26,24548
10.27,25992
10.28,25992
10.29,25992
10.3,25992
10.31,25992
10.32,25992
10.33,25992
10.34,24548
10.35,25992
10.36,25992
10.37,25992
10.38,25992
10.39,25992
10.4,25992
10.41,24548
10.42,25992
10.43,25992
10.44,25992
10.45,25992
10.46,25992
10.47,25992
10.48,24548
10.49,25992
10.5,25992
10.51,25992
10.52,25992
10.53,24548
10.54,25992
10.55,25992
10.56,25992
10.57,25992
10.58,25992
10.59,25992
10.6,24548
10.61,25992
10.62,25992
10.63,25992
10.64,25992
10.65,24548
10.66,25992
10.67,25992
10.68,25992
10.69,25992
10.7,25992
10.71,24548
10.72,25992
10.73,25992
10.74,25992
10.75,25992
10.76,24548
10.77,25992
10.78,25992
10.79,25992
10.8,25992
10.81,24548
10.82,25992
10.83,25992
10.84,25992
10.85,24548
10.86,25992
10.87,25992
10.88,25992
10.89,25992
10.9,25992
10.91,24548
10.92,25992
10.93,25992
10.94,25992
10.95,24548
10.96,25992
10.97,25992
10.98,25992
10.99,25992
11.0,24548
11.01,25992
11.02,25992
11.03,25992
11.04,24548
11.05,25992
11.06,25992
11.07,25992
11.08,24548
11.09,25992
11.1,25992
11.11,25992
11.12,24548
11.13,25992
11.14,25992
11.15,25992
11.16,25992
11.17,24548
11.18,25992
11.19,25992
11.2,24548
11.21,25992
11.22,25992
11.23,25992
11.24,25992
11.25,24548
11.26,25992
11.27,25992
11.28,24548
11.29,25992
11.3,25992
11.31,25992
11.32,24548
11.33,25992
11.34,25992
11.35,25992
11.36,24548
11.37,25992
11.38,25992
11.39,25992
11.4,24548
11.41,25992
11.42,25992
11.43,24548
11.44,25992
11.45,25992
11.46,25992
11.47,24548
11.48,25992
11.49,25992
11.5,24548
11.51,25992
11.52,25992
11.53,25992
11.54,24548
11.55,25992
11.56,25992
11.57,24548
11.58,25992
11.59,25992
11.6,24548
11.61,25992
11.62,25992
11.63,25992
11.64,24548
11.65,25992
11.66,25992
11.67,24548
11.68,25992
11.69,25992
11.7,24548
11.71,25992
11.72,25992
11.73,25992
11.74,24548
11.75,25992
11.76,25992
11.77,24548
11.78,25992
11.79,25992
11.8,24548
11.81,25992
11.82,25992
11.83,24548
11.84,25992
11.85,25992
11.86,24548
11.87,25992
11.88,25992
11.89,24548
11.9,25992
11.91,25992
11.92,24548
11.93,25992
11.94,25992
11.95,24548
11.96,25992
11.97,25992
11.98,24548
11.99,25992
12.0,25992
12.01,24548
12.02,25992
12.03,25992
12.04,24548
12.05,25992
12.06,25992
12.07,24548
12.08,25992
12.09,25992
12.1,24548
12.11,25992
12.12,24548
12.13,25992
12.14,24548
12.15,25992
12.16,25992
12.17,25992
12.18,24548
12.19,25992
12.2,25992
12.21,24548
12.22,25992
12.23,24548
12.24,25992
12.25,25992
12.26,24548
12.27,25992
12.28,25992
12.29,24548
12.3,25992
12.31,25992
12.32,24548
12.33,25992
12.34,24548
12.35,25992
12.36,25992
12.37,24548
12.38,25992
12.39,24548
12.4,25992
12.41,25992
12.42,24548
12.43,25992
12.44,24548
12.45,25992
12.46,25992
12.47,24548
12.48,25992
12.49,25992
12.5,24548
12.51,25992
12.52,24548
12.53,25992
12.54,25992
12.55,24548
12.56,25992
12.57,24548
12.58,25992
12.59,25992
12.6,24548
12.61,25992
12.62,24548
12.63,25992
12.64,24548
12.65,25992
12.66,25992
12.67,24548
12.68,25992
12.69,24548
12.7,25992
12.71,25992
12.72,24548
12.73,25992
12.74,24548
12.75,25992
12.76,24548
12.77,25992
12.78,25992
12.79,24548
12.8,25992
12.81,24548
12.82,25992
12.83,24548
12.84,25992
12.85,25992
12.86,24548
12.87,25992
12.88,24548
12.89,25992
12.9,24548
12.91,25992
12.92,25992
12.93,24548
12.94,25992
12.95,24548
12.96,25992
12.97,24548
12.98,25992
12.99,24548
13.0,25992
13.01,25992
13.02,24548
13.03,25992
13.04,24548
13.05,25992
13.06,24548
13.07,25992
13.08,24548
13.09,25992
13.1,25992
13.11,24548
13.12,25992
13.13,24548
13.14,25992
13.15,24548
13.16,25992
13.17,24548
13.18,25992
13.19,24548
13.2,25992
13.21,24548
13.22,25992
13.23,24548
13.24,25992
13.25,24548
13.26,25992
13.27,25992
13.28,24548
13.29,25992
13.3,24548
13.31,25992
13.32,24548
13.33,25992
13.34,24548
13.35,25992
13.36,24548
13.37,25992
13.38,24548
13.39,25992
13.4,24548
13.41,25992
13.42,24548
13.43,25992
13.44,24548
13.45,25992
13.46,24548
13.47,25992
13.48,24548
13.49,25992
13.5,24548
13.51,25992
13.52,24548
13.53,25992
13.54,24548
13.55,25992
13.56,24548
13.57,25992
13.58,24548
13.59,25992
13.6,24548
13.61,25992
13.62,24548
13.63,25992
13.64,24548
13.65,25992
13.66,24548
13.67,25992
13.68,24548
13.69,25992
13.7,24548
13.71,25992
13.72,24548
13.73,25992
13.74,24548
13.75,25992
13.76,24548
13.77,25992
13.78,24548
13.79,25992
13.8,24548
13.81,25992
13.82,24548
13.83,25992
13.84,24548
13.85,25992
13.86,24548
13.87,24548
13.88,25992
13.89,24548
13.9,25992
13.91,24548
13.92,25992
13.93,24548
13.94,25992
13.95,24548
13.96,25992
13.97,24548
13.98,25992
13.99,24548
14.0,24548
14.01,25992
14.02,25992
14.03,24548
14.04,24548
14.05,25992
14.06,24548
14.07,25992
14.08,24548
14.09,25992
14.1,24548
14.11,25992
14.12,24548
14.13,25992
14.14,24548
14.15,24548
14.16,25992
14.17,24548
14.18,25992
14.19,24548
14.2,25992
14.21,24548
14.22,25992
14.23,24548
14.24,24548
14.25,25992
14.26,24548
14.27,25992
14.28,24548
14.29,25992
14.3,24548
14.31,24548
14.32,25992
14.33,24548
14.34,25992
14.35,24548
14.36,25992
14.37,24548
14.38,25992
14.39,24548
14.4,24548
14.41,25992
14.42,24548
14.43,25992
14.44,24548
14.45,25992
14.46,24548
14.47,24548
14.48,25992
14.49,24548
14.5,25992
14.51,24548
14.52,24548
14.53,25992
14.54,24548
14.55,25992
14.56,24548
14.57,25992
14.58,24548
14.59,24548
14.6,25992
14.61,24548
14.62,25992
14.63,24548
14.64,24548
14.65,25992
14.66,24548
14.67,25992
14.68,24548
14.69,24548
14.7,25992
14.71,24548
14.72,25992
14.73,24548
14.74,25992
14.75,24548
14.76,24548
14.77,25992
14.78,24548
14.79,25992
14.8,24548
14.81,24548
14.82,25992
14.83,24548
14.84,25992
14.85,24548
14.86,24548
14.87,25992
14.88,24548
14.89,24548
14.9,25992
14.91,24548
14.92,25992
14.93,24548
14.94,24548
14.95,25992
14.96,24548
14.97,25992
14.98,24548
14.99,24548
15.0,25992
15.01,24548
15.02,25992
15.03,24548
15.04,24548
15.05,25992
15.06,24548
15.07,24548
15.08,25992
15.09,24548
15.1,25992
15.11,24548
15.12,24548
15.13,25992
15.14,24548
15.15,24548
15.16,25992
15.17,24548
15.18,25992
15.19,24548
15.2,24548
15.21,25992
15.22,24548
15.23,24548
15.24,25992
15.25,24548
15.26,25992
15.27,24548
15.28,24548
15.29,25992
15.3,24548
15.31,24548
15.32,25992
15.33,24548
15.34,24548
15.35,25992
15.36,24548
15.37,24548
15.38,25992
15.39,24548
15.4,25992
15.41,24548
15.42,24548
15.43,25992
15.44,24548
15.45,24548
15.46,25992
15.47,24548
15.48,24548
15.49,25992
15.5,24548
15.51,24548
15.52,25992
15.53,24548
15.54,24548
15.55,25992
15.56,24548
15.57,25992
15.58,24548
15.59,24548
15.6,25992
15.61,24548
15.62,24548
15.63,25992
15.64,24548
15.65,24548
15.66,25992
15.67,24548
15.68,24548
15.69,25992
15.7,24548
15.71,24548
15.72,24548
15.73,25992
15.74,24548
15.75,25992
15.76,24548
15.77,24548
15.78,25992
15.79,24548
15.8,24548
15.81,25992
15.82,24548
15.83,24548
15.84,25992
15.85,24548
15.86,24548
15.87,25992
15.88,24548
15.89,24548
15.9,25992
15.91,24548
15.92,24548
15.93,25992
15.94,24548
15.95,24548
15.96,24548
15.97,25992
15.98,24548
15.99,24548
16.0,25992
16.01,24548
16.02,24548
16.03,25992
16.04,24548
16.05,24548
16.06,25992
16.07,24548
16.08,24548
16.09,25992
16.1,24548
16.11,24548
16.12,24548
16.13,25992
16.14,24548
16.15,24548
16.16,25992
16.17,24548
16.18,24548
16.19,24548
16.2,25992
16.21,24548
16.22,25992
16.23,24548
16.24,24548
16.25,24548
16.26,25992
16.27,24548
16.28,24548
16.29,25992
16.3,24548
16.31,24548
16.32,25992
16.33,24548
16.34,24548
16.35,24548
16.36,25992
16.37,24548
16.38,24548
16.39,25992
16.4,24548
16.41,24548
16.42,25992
16.43,24548
16.44,24548
16.45,24548
16.46,25992
16.47,24548
16.48,24548
16.49,25992
16.5,24548
16.51,24548
16.52,24548
16.53,25992
16.54,24548
16.55,24548
16.56,25992
16.57,24548
16.58,24548
16.59,25992
16.6,24548
16.61,24548
16.62,24548
16.63,25992
16.64,24548
16.65,24548
16.66,24548
16.67,25992
16.68,24548
16.69,24548
16.7,25992
16.71,24548
16.72,24548
16.73,24548
16.74,25992
16.75,24548
16.76,24548
16.77,25992
16.78,24548
16.79,24548
16.8,24548
16.81,25992
16.82,24548
16.83,24548
16.84,24548
16.85,25992
16.86,24548
16.87,24548
16.88,25992
16.89,24548
16.9,24548
16.91,24548
16.92,25992
16.93,24548
16.94,24548
16.95,24548
16.96,25992
16.97,24548
16.98,24548
16.99,24548
17.0,25992
17.01,24548
17.02,24548
17.03,25992
17.04,24548
17.05,24548
17.06,24548
17.07,25992
17.08,24548
17.09,24548
17.1,24548
17.11,25992
17.12,24548
17.13,24548
17.14,24548
17.15,25992
17.16,24548
17.17,24548
17.18,24548
17.19,25992
17.2,24548
17.21,24548
17.22,24548
17.23,25992
17.24,24548
17.25,24548
17.26,24548
17.27,25992
17.28,24548
17.29,24548
17.3,25992
17.31,24548
17.32,24548
17.33,24548
17.34,24548
17.35,25992
17.36,24548
17.37,24548
17.38,24548
17.39,25992
17.4,24548
17.41,24548
17.42,24548
17.43,25992
17.44,24548
17.45,24548
17.46,24548
17.47,25992
17.48,24548
17.49,24548
17.5,24548
17.51,25992
17.52,24548
17.53,24548
17.54,24548
17.55,25992
17.56,24548
17.57,24548
17.58,24548
17.59,25992
17.6,24548
17.61,24548
17.62,24548
17.63,24548
17.64,25992
17.65,24548
17.66,24548
17.67,24548
17.68,25992
17.69,24548
17.7,24548
17.71,24548
17.72,25992
17.73,24548
17.74,24548
17.75,24548
17.76,25992
17.77,24548
17.78,24548
17.79,24548
17.8,24548
17.81,25992
17.82,24548
17.83,24548
17.84,24548
17.85,25992
17.86,24548
17.87,24548
17.88,24548
17.89,25992
17.9,24548
17.91,24548
17.92,24548
17.93,24548
17.94,25992
17.95,24548
17.96,24548
17.97,24548
17.98,25992
17.99,24548
18.0,24548
18.01,24548
18.02,24548
18.03,25992
18.04,24548
18.05,24548
18.06,24548
18.07,24548
18.08,25992
18.09,24548
18.1,24548
18.11,24548
18.12,25992
18.13,24548
18.14,24548
18.15,24548
18.16,24548
18.17,25992
18.18,24548
18.19,24548
18.2,24548
18.21,25992
18.22,24548
18.23,24548
18.24,24548
18.25,24548
18.26,25992
18.27,24548
18.28,24548
18.29,24548
18.3,24548
18.31,25992
18.32,24548
18.33,24548
18.34,24548
18.35,25992
18.36,24548
18.37,24548
18.38,24548
18.39,24548
18.4,25992
18.41,24548
18.42,24548
18.43,24548
18.44,24548
18.45,25992
18.46,24548
18.47,24548
18.48,24548
18.49,24548
18.5,25992
18.51,24548
18.52,24548
18.53,24548
18.54,25992
18.55,24548
18.56,24548
18.57,24548
18.58,24548
18.59,25992
18.6,24548
18.61,24548
18.62,24548
18.63,24548
18.64,25992
18.65,24548
18.66,24548
18.67,24548
18.68,24548
18.69,25992
18.7,24548
18.71,24548
18.72,24548
18.73,24548
18.74,25992
18.75,24548
18.76,24548
18.77,24548
18.78,24548
18.79,25992
18.8,24548
18.81,24548
18.82,24548
18.83,24548
18.84,25992
18.85,24548
18.86,24548
18.87,24548
18.88,24548
18.89,25992
18.9,24548
18.91,24548
18.92,24548
18.93,24548
18.94,25992
18.95,24548
18.96,24548
18.97,24548
18.98,24548
18.99,24548
19.0,25992
19.01,24548
19.02,24548
19.03,24548
19.04,24548
19.05,25992
19.06,24548
19.07,24548
19.08,24548
19.09,24548
19.1,25992
19.11,23104
19.12,25992
19.13,24548
19.14,24548
19.15,25992
19.16,24548
19.17,24548
19.18,24548
19.19,24548
19.2,24548
19.21,25992
19.22,24548
19.23,24548
19.24,24548
19.25,24548
19.26,25992
19.27,24548
19.28,24548
19.29,24548
19.3,24548
19.31,25992
19.32,24548
19.33,24548
19.34,24548
19.35,24548
19.36,24548
19.37,25992
19.38,24548
19.39,24548
19.4,24548
19.41,24548
19.42,25992
19.43,24548
19.44,24548
19.45,24548
19.46,24548
19.47,24548
19.48,25992
19.49,24548
19.5,24548
19.51,24548
19.52,24548
19.53,25992
19.54,24548
19.55,24548
19.56,24548
19.57,24548
19.58,24548
19.59,25992
19.6,24548
19.61,24548
19.62,24548
19.63,24548
19.64,25992
19.65,24548
19.66,24548
19.67,24548
19.68,24548
19.69,24548
19.7,25992
19.71,24548
19.72,24548
19.73,24548
19.74,24548
19.75,25992
19.76,24548
19.77,24548
19.78,24548
19.79,24548
19.8,24548
19.81,25992
19.82,24548
19.83,24548
19.84,24548
19.85,24548
19.86,24548
19.87,25992
19.88,24548
19.89,24548
19.9,24548
19.91,24548
19.92,25992
19.93,24548
19.94,24548
19.95,24548
19.96,24548
19.97,24548
19.98,24548
19.99,25992
20.0,24548
20.01,24548
20.02,24548
20.03,24548
20.04,25992
20.05,24548
20.06,24548
20.07,24548
20.08,24548
20.09,24548
20.1,25992
20.11,24548
20.12,24548
20.13,24548
20.14,24548
20.15,25992
20.16,24548
20.17,24548
20.18,24548
20.19,24548
20.2,24548
20.21,25992
20.22,24548
20.23,24548
20.24,24548
20.25,24548
20.26,24548
20.27,25992
20.28,24548
20.29,24548
20.3,24548
20.31,24548
20.32,24548
20.33,25992
20.34,24548
20.35,24548
20.36,24548
20.37,24548
20.38,24548
20.39,25992
20.4,24548
20.41,24548
20.42,24548
20.43,24548
20.44,24548
20.45,25992
20.46,24548
20.47,24548
20.48,24548
20.49,24548
20.5,24548
20.51,25992
20.52,24548
20.53,24548
20.54,24548
20.55,24548
20.56,24548
20.57,25992
20.58,24548
20.59,24548
20.6,24548
20.61,24548
20.62,24548
20.63,25992
20.64,24548
20.65,24548
20.66,24548
20.67,24548
20.68,24548
20.69,25992
20.7,24548
20.71,24548
20.72,24548
20.73,24548
20.74,25992
20.75,24548
20.76,24548
20.77,24548
20.78,24548
20.79,24548
20.8,24548
20.81,25992
20.82,24548
20.83,24548
20.84,24548
20.85,24548
20.86,25992
20.87,24548
20.88,24548
20.89,24548
20.9,24548
20.91,24548
20.92,25992
20.93,23104
20.94,25992
20.95,24548
20.96,24548
20.97,24548
20.98,25992
20.99,24548
21.0,24548
21.01,24548
21.02,24548
21.03,24548
21.04,24548
21.05,25992
21.06,24548
21.07,24548
21.08,24548
21.09,24548
21.1,25992
21.11,24548
21.12,24548
21.13,24548
21.14,24548
21.15,24548
21.16,25992
21.17,24548
21.18,24548
21.19,24548
21.2,24548
21.21,24548
21.22,25992
21.23,24548
21.24,24548
21.25,24548
21.26,24548
21.27,24548
21.28,24548
21.29,25992
21.3,24548
21.31,24548
21.32,24548
21.33,24548
21.34,25992
21.35,24548
21.36,24548
21.37,24548
21.38,24548
21.39,24548
21.4,24548
21.41,25992
21.42,24548
21.43,24548
21.44,24548
21.45,24548
21.46,25992
21.47,24548
21.48,24548
21.49,24548
21.5,24548
21.51,24548
21.52,24548
21.53,25992
21.54,24548
21.55,24548
21.56,24548
21.57,24548
21.58,24548
21.59,25992
21.6,24548
21.61,24548
21.62,24548
21.63,24548
21.64,24548
21.65,25992
21.66,24548
21.67,24548
21.68,24548
21.69,24548
21.7,25992
21.71,24548
21.72,24548
21.73,24548
21.74,24548
21.75,24548
21.76,24548
21.77,25992
21.78,24548
21.79,24548
21.8,24548
21.81,24548
21.82,25992
21.83,24548
21.84,24548
21.85,24548
21.86,24548
21.87,24548
21.88,24548
21.89,25992
21.9,24548
21.91,24548
21.92,24548
21.93,24548
21.94,25992
21.95,24548
21.96,23104
21.97,25992
21.98,24548
21.99,24548
22.0,25992
22.01,24548
22.02,24548
22.03,24548
22.04,24548
22.05,24548
22.06,25992
22.07,24548
22.08,24548
22.09,24548
22.1,24548
22.11,24548
22.12,24548
22.13,25992
22.14,24548
22.15,24548
22.16,24548
22.17,24548
22.18,25992
22.19,24548
22.2,24548
22.21,24548
22.22,24548
22.23,24548
22.24,25992
22.25,24548
22.26,24548
22.27,24548
22.28,24548
22.29,24548
22.3,25992
22.31,24548
22.32,24548
22.33,24548
22.34,24548
22.35,25992
22.36,24548
22.37,24548
22.38,24548
22.39,24548
22.4,24548
22.41,25992
22.42,24548
22.43,24548
22.44,24548
22.45,24548
22.46,24548
22.47,25992
22.48,24548
22.49,24548
22.5,24548
22.51,24548
22.52,24548
22.53,25992
22.54,24548
22.55,24548
22.56,24548
22.57,24548
22.58,25992
22.59,24548
22.6,24548
22.61,24548
22.62,24548
22.63,24548
22.64,25992
22.65,24548
22.66,24548
22.67,24548
22.68,24548
22.69,25992
22.7,24548
22.71,24548
22.72,24548
22.73,24548
22.74,24548
22.75,25992
22.76,24548
22.77,24548
22.78,24548
22.79,24548
22.8,24548
22.81,25992
22.82,24548
22.83,24548
22.84,24548
22.85,24548
22.86,25992
22.87,24548
22.88,24548
22.89,24548
22.9,24548
22.91,24548
22.92,25992
22.93,24548
22.94,24548
22.95,24548
22.96,24548
22.97,25992
22.98,24548
22.99,23104
23.0,25992
23.01,24548
23.02,24548
23.03,25992
23.04,24548
23.05,24548
23.06,24548
23.07,24548
23.08,25992
23.09,24548
23.1,24548
23.11,24548
23.12,24548
23.13,24548
23.14,25992
23.15,24548
23.16,24548
23.17,24548
23.18,24548
23.19,25992
23.2,24548
23.21,24548
23.22,24548
23.23,24548
23.24,25992
23.25,24548
23.26,24548
23.27,24548
23.28,24548
23.29,24548
23.3,25992
23.31,24548
23.32,24548
23.33,24548
23.34,24548
23.35,25992
23.36,24548
23.37,24548
23.38,24548
23.39,24548
23.4,25992
23.41,24548
23.42,24548
23.43,24548
23.44,24548
23.45,25992
23.46,24548
23.47,24548
23.48,24548
23.49,24548
23.5,24548
23.51,25992
23.52,24548
23.53,24548
23.54,24548
23.55,24548
23.56,25992
23.57,24548
23.58,24548
23.59,24548
23.6,24548
23.61,25992
23.62,24548
23.63,24548
23.64,24548
23.65,24548
23.66,25992
23.67,24548
23.68,24548
23.69,24548
23.7,24548
23.71,25992
23.72,24548
23.73,24548
23.74,24548
23.75,24548
23.76,25992
23.77,24548
23.78,24548
23.79,24548
23.8,24548
23.81,25992
23.82,24548
23.83,24548
23.84,24548
23.85,24548
23.86,24548
23.87,25992
23.88,24548
23.89,24548
23.9,24548
23.91,25992
23.92,24548
23.93,24548
23.94,24548
23.95,24548
23.96,25992
23.97,24548
23.98,24548
23.99,24548
24.0,25992
24.01,24548
24.02,24548
24.03,24548
24.04,24548
24.05,25992
24.06,24548
24.07,24548
24.08,24548
24.09,24548
24.1,25992
24.11,24548
24.12,24548
24.13,24548
24.14,24548
24.15,25992
24.16,24548
24.17,24548
24.18,24548
24.19,24548
24.2,25992
24.21,24548
24.22,24548
24.23,24548
24.24,25992
24.25,24548
24.26,24548
24.27,24548
24.28,24548
24.29,25992
24.3,24548
24.31,24548
24.32,24548
24.33,24548
24.34,25992
24.35,24548
24.36,24548
24.37,24548
24.38,25992
24.39,24548
24.4,24548
24.41,24548
24.42,24548
24.43,25992
24.44,24548
24.45,24548
24.46,24548
24.47,25992
24.48,24548
24.49,24548
24.5,24548
24.51,25992
24.52,24548
24.53,24548
24.54,24548
24.55,24548
24.56,25992
24.57,24548
24.58,24548
24.59,24548
24.6,24548
24.61,25992
24.62,24548
24.63,24548
24.64,24548
24.65,24548
24.66,25992
24.67,24548
24.68,24548
24.69,25992
24.7,24548
24.71,24548
24.72,24548
24.73,24548
24.74,25992
24.75,24548
24.76,24548
24.77,24548
24.78,25992
24.79,24548
24.8,24548
24.81,24548
24.82,25992
24.83,24548
24.84,24548
24.85,24548
24.86,24548
24.87,25992
24.88,24548
24.89,24548
24.9,24548
24.91,25992
24.92,24548
24.93,24548
24.94,24548
24.95,25992
24.96,24548
24.97,24548
24.98,24548
24.99,25992
25.0,24548
25.01,24548
25.02,24548
25.03,25992
25.04,24548
25.05,24548
25.06,24548
25.07,24548
25.08,25992
25.09,24548
25.1,24548
25.11,24548
25.12,25992
25.13,24548
25.14,24548
25.15,24548
25.16,25992
25.17,24548
25.18,24548
25.19,24548
25.2,25992
25.21,24548
25.22,24548
25.23,24548
25.24,25992
25.25,24548
25.26,24548
25.27,24548
25.28,25992
25.29,24548
25.3,24548
25.31,24548
25.32,25992
25.33,24548
25.34,24548
25.35,24548
25.36,24548
25.37,25992
25.38,24548
25.39,25992
25.4,24548
25.41,24548
25.42,24548
25.43,25992
25.44,24548
25.45,24548
25.46,24548
25.47,25992
25.48,24548
25.49,24548
25.5,24548
25.51,25992
25.52,24548
25.53,24548
25.54,24548
25.55,25992
25.56,24548
25.57,24548
25.58,24548
25.59,25992
25.6,24548
25.61,24548
25.62,25992
25.63,24548
25.64,24548
25.65,24548
25.66,25992
25.67,24548
25.68,24548
25.69,24548
25.7,25992
25.71,24548
25.72,24548
25.73,25992
25.74,24548
25.75,24548
25.76,24548
25.77,25992
25.78,24548
25.79,24548
25.8,24548
25.81,25992
25.82,24548
25.83,24548
25.84,25992
25.85,24548
25.86,24548
25.87,24548
25.88,25992
25.89,24548
25.9,24548
25.91,24548
25.92,25992
25.93,24548
25.94,24548
25.95,25992
25.96,24548
25.97,24548
25.98,24548
25.99,24548
26.0,25992
26.01,24548
26.02,25992
26.03,24548
26.04,24548
26.05,24548
26.06,25992
26.07,24548
26.08,24548
26.09,25992
26.1,24548
26.11,24548
26.12,24548
26.13,25992
26.14,24548
26.15,24548
26.16,25992
26.17,24548
26.18,24548
26.19,25992
26.2,24548
26.21,24548
26.22,24548
26.23,25992
26.24,24548
26.25,24548
26.26,25992
26.27,24548
26.28,24548
26.29,24548
26.3,25992
26.31,24548
26.32,24548
26.33,25992
26.34,24548
26.35,24548
26.36,25992
26.37,24548
26.38,24548
26.39,24548
26.4,25992
26.41,24548
26.42,24548
26.43,25992
26.44,24548
26.45,24548
26.46,25992
26.47,24548
26.48,24548
26.49,25992
26.5,24548
26.51,24548
26.52,24548
26.53,25992
26.54,24548
26.55,24548
26.56,25992
26.57,24548
26.58,24548
26.59,25992
26.6,24548
26.61,24548
26.62,24548
26.63,25992
26.64,24548
26.65,25992
26.66,24548
26.67,24548
26.68,24548
26.69,25992
26.7,24548
26.71,24548
26.72,25992
26.73,24548
26.74,24548
26.75,25992
26.76,24548
26.77,24548
26.78,25992
26.79,24548
26.8,24548
26.81,25992
26.82,24548
26.83,24548
26.84,25992
26.85,24548
26.86,24548
26.87,25992
26.88,24548
26.89,24548
26.9,25992
26.91,24548
26.92,24548
26.93,25992
26.94,24548
26.95,24548
26.96,25992
26.97,24548
26.98,24548
26.99,25992
27.0,24548
27.01,24548
27.02,25992
27.03,24548
27.04,24548
27.05,25992
27.06,24548
27.07,24548
27.08,25992
27.09,24548
27.1,24548
27.11,25992
27.12,24548
27.13,24548
27.14,25992
27.15,24548
27.16,24548
27.17,25992
27.18,24548
27.19,25992
27.2,24548
27.21,24548
27.22,25992
27.23,24548
27.24,24548
27.25,25992
27.26,24548
27.27,24548
27.28,25992
27.29,24548
27.3,24548
27.31,25992
27.32,24548
27.33,25992
27.34,24548
27.35,24548
27.36,25992
27.37,24548
27.38,24548
27.39,25992
27.4,24548
27.41,24548
27.42,25992
27.43,24548
27.44,24548
27.45,25992
27.46,24548
27.47,25992
27.48,24548
27.49,24548
27.5,25992
27.51,24548
27.52,24548
27.53,25992
27.54,24548
27.55,24548
27.56,24548
27.57,25992
27.58,25992
27.59,24548
27.6,24548
27.61,25992
27.62,24548
27.63,24548
27.64,25992
27.65,24548
27.66,25992
27.67,24548
27.68,24548
27.69,25992
27.7,24548
27.71,24548
27.72,25992
27.73,24548
27.74,25992
27.75,24548
27.76,24548
27.77,25992
27.78,24548
27.79,25992
27.8,24548
27.81,24548
27.82,25992
27.83,24548
27.84,25992
27.85,24548
27.86,24548
27.87,25992
27.88,24548
27.89,24548
27.9,25992
27.91,24548
27.92,25992
27.93,24548
27.94,24548
27.95,25992
27.96,24548
27.97,25992
27.98,24548
27.99,24548
28.0,25992
28.01,24548
28.02,25992
28.03,24548
28.04,24548
28.05,25992
28.06,24548
28.07,25992
28.08,24548
28.09,24548
28.1,25992
28.11,24548
28.12,25992
28.13,24548
28.14,25992
28.15,24548
28.16,24548
28.17,25992
28.18,24548
28.19,25992
28.2,24548
28.21,24548
28.22,25992
28.23,24548
28.24,25992
28.25,24548
28.26,24548
28.27,25992
28.28,24548
28.29,25992
28.3,24548
28.31,25992
28.32,24548
28.33,24548
28.34,25992
28.35,24548
28.36,25992
28.37,24548
28.38,25992
28.39,24548
28.4,24548
28.41,25992
28.42,24548
28.43,25992
28.44,24548
28.45,25992
28.46,24548
28.47,24548
28.48,25992
28.49,24548
28.5,25992
28.51,24548
28.52,25992
28.53,24548
28.54,24548
28.55,25992
28.56,24548
28.57,25992
28.58,24548
28.59,25992
28.6,24548
28.61,24548
28.62,25992
28.63,24548
28.64,25992
28.65,24548
28.66,25992
28.67,24548
28.68,25992
28.69,24548
28.7,25992
28.71,24548
28.72,24548
28.73,25992
28.74,24548
28.75,25992
28.76,24548
28.77,25992
28.78,24548
28.79,25992
28.8,24548
28.81,24548
28.82,25992
28.83,24548
28.84,25992
28.85,24548
28.86,25992
28.87,24548
28.88,25992
28.89,24548
28.9,25992
28.91,24548
28.92,25992
28.93,24548
28.94,24548
28.95,25992
28.96,24548
28.97,25992
28.98,24548
28.99,25992
29.0,24548
29.01,25992
29.02,24548
29.03,25992
29.04,24548
29.05,25992
29.06,24548
29.07,25992
29.08,24548
29.09,25992
29.1,24548
29.11,25992
29.12,24548
29.13,24548
29.14,25992
29.15,24548
29.16,25992
29.17,24548
29.18,25992
29.19,24548
29.2,25992
29.21,24548
29.22,25992
29.23,24548
29.24,25992
29.25,24548
29.26,25992
29.27,24548
29.28,25992
29.29,24548
29.3,25992
29.31,24548
29.32,25992
29.33,24548
29.34,25992
29.35,24548
29.36,25992
29.37,24548
29.38,25992
29.39,24548
29.4,25992
29.41,24548
29.42,25992
29.43,24548
29.44,25992
29.45,24548
29.46,25992
29.47,24548
29.48,25992
29.49,24548
29.5,25992
29.51,24548
29.52,25992
29.53,24548
29.54,25992
29.55,24548
29.56,25992
29.57,24548
29.58,25992
29.59,24548
29.6,25992
29.61,24548
29.62,25992
29.63,25992
29.64,24548
29.65,25992
29.66,24548
29.67,25992
29.68,24548
29.69,25992
29.7,24548
29.71,25992
29.72,24548
29.73,25992
29.74,24548
29.75,25992
29.76,24548
29.77,25992
29.78,24548
29.79,25992
29.8,25992
29.81,24548
29.82,24548
29.83,25992
29.84,25992
29.85,24548
29.86,25992
29.87,24548
29.88,25992
29.89,24548
29.9,25992
29.91,24548
29.92,25992
29.93,25992
29.94,24548
29.95,25992
29.96,24548
29.97,25992
29.98,24548
29.99,25992
30.0,24548
30.01,25992
30.02,25992
30.03,24548
30.04,25992
30.05,24548
30.06,25992
30.07,24548
30.08,25992
30.09,24548
30.1,25992
30.11,25992
30.12,24548
30.13,24548
30.14,25992
30.15,25992
30.16,24548
30.17,25992
30.18,24548
30.19,25992
30.2,25992
30.21,24548
30.22,25992
30.23,24548
30.24,25992
30.25,24548
30.26,25992
30.27,25992
30.28,24548
30.29,25992
30.3,24548
30.31,25992
30.32,24548
30.33,25992
30.34,25992
30.35,24548
30.36,25992
30.37,24548
30.38,25992
30.39,25992
30.4,24548
30.41,25992
30.42,24548
30.43,25992
30.44,24548
30.45,25992
30.46,25992
30.47,24548
30.48,25992
30.49,24548
30.5,25992
30.51,25992
30.52,24548
30.53,25992
30.54,24548
30.55,25992
30.56,25992
30.57,24548
30.58,25992
30.59,24548
30.6,25992
30.61,25992
30.62,24548
30.63,25992
30.64,25992
30.65,24548
30.66,25992
30.67,24548
30.68,25992
30.69,25992
30.7,24548
30.71,25992
30.72,24548
30.73,25992
30.74,25992
30.75,24548
30.76,25992
30.77,24548
30.78,25992
30.79,25992
30.8,24548
30.81,25992
30.82,25992
30.83,24548
30.84,25992
30.85,24548
30.86,25992
30.87,25992
30.88,24548
30.89,25992
30.9,25992
30.91,24548
30.92,25992
30.93,24548
30.94,25992
30.95,25992
30.96,24548
30.97,25992
30.98,24548
30.99,25992
31.0,25992
31.01,25992
31.02,24548
31.03,25992
31.04,24548
31.05,25992
31.06,25992
31.07,24548
31.08,25992
31.09,25992
31.1,24548
31.11,25992
31.12,25992
31.13,24548
31.14,25992
31.15,25992
31.16,24548
31.17,25992
31.18,25992
31.19,24548
31.2,25992
31.21,24548
31.22,25992
31.23,25992
31.24,25992
31.25,24548
31.26,25992
31.27,25992
31.28,24548
31.29,25992
31.3,25992
31.31,24548
31.32,25992
31.33,25992
31.34,24548
31.35,25992
31.36,25992
31.37,24548
31.38,25992
31.39,25992
31.4,24548
31.41,25992
31.42,25992
31.43,24548
31.44,25992
31.45,25992
31.46,24548
31.47,25992
31.48,25992
31.49,24548
31.5,25992
31.51,25992
31.52,24548
31.53,25992
31.54,25992
31.55,25992
31.56,24548
31.57,25992
31.58,25992
31.59,24548
31.6,25992
31.61,25992
31.62,24548
31.63,25992
31.64,25992
31.65,25992
31.66,24548
31.67,25992
31.68,25992
31.69,24548
31.7,25992
31.71,25992
31.72,25992
31.73,24548
31.74,25992
31.75,24548
31.76,25992
31.77,25992
31.78,25992
31.79,25992
31.8,24548
31.81,25992
31.82,25992
31.83,24548
31.84,25992
31.85,25992
31.86,24548
31.87,25992
31.88,25992
31.89,25992
31.9,24548
31.91,25992
31.92,25992
31.93,25992
31.94,24548
31.95,25992
31.96,25992
31.97,25992
31.98,24548
31.99,25992
32.0,25992
32.01,24548
32.02,25992
32.03,25992
32.04,25992
32.05,24548
32.06,25992
32.07,25992
32.08,25992
32.09,24548
32.1,25992
32.11,25992
32.12,25992
32.13,24548
32.14,25992
32.15,25992
32.16,25992
32.17,24548
32.18,25992
32.19,25992
32.2,25992
32.21,24548
32.22,25992
32.23,25992
32.24,25992
32.25,25992
32.26,24548
32.27,25992
32.28,25992
32.29,25992
32.3,24548
32.31,25992
32.32,25992
32.33,25992
32.34,24548
32.35,25992
32.36,25992
32.37,25992
32.38,24548
32.39,25992
32.4,25992
32.41,25992
32.42,25992
32.43,24548
32.44,25992
32.45,25992
32.46,25992
32.47,24548
32.48,25992
32.49,25992
32.5,25992
32.51,25992
32.52,24548
32.53,25992
32.54,25992
32.55,25992
32.56,25992
32.57,24548
32.58,25992
32.59,25992
32.6,25992
32.61,25992
32.62,24548
32.63,25992
32.64,25992
32.65,25992
32.66,25992
32.67,24548
32.68,25992
32.69,25992
32.7,25992
32.71,25992
32.72,24548
32.73,25992
32.74,25992
32.75,25992
32.76,25992
32.77,25992
32.78,24548
32.79,25992
32.8,25992
32.81,25992
32.82,25992
32.83,24548
32.84,25992
32.85,25992
32.86,25992
32.87,25992
32.88,25992
32.89,25992
32.9,24548
32.91,25992
32.92,25992
32.93,25992
32.94,25992
32.95,24548
32.96,25992
32.97,25992
32.98,25992
32.99,25992
33.0,25992
33.01,25992
33.02,24548
33.03,25992
33.04,25992
33.05,25992
33.06,25992
33.07,25992
33.08,24548
33.09,25992
33.1,25992
33.11,25992
33.12,25992
33.13,25992
33.14,25992
33.15,24548
33.16,25992
33.17,25992
33.18,25992
33.19,25992
33.2,25992
33.21,25992
33.22,24548
33.23,25992
33.24,25992
33.25,25992
33.26,25992
33.27,25992
33.28,25992
33.29,25992
33.3,24548
33.31,25992
33.32,25992
33.33,25992
33.34,25992
33.35,25992
33.36,25992
33.37,25992
33.38,24548
33.39,25992
33.4,25992
33.41,25992
33.42,25992
33.43,25992
33.44,25992
33.45,25992
33.46,25992
33.47,25992
33.48,24548
33.49,25992
33.5,25992
33.51,25992
33.52,25992
33.53,25992
33.54,25992
33.55,25992
33.56,25992
33.57,25992
33.58,24548
33.59,25992
33.6,25992
33.61,25992
33.62,25992
33.63,25992
33.64,25992
33.65,25992
33.66,25992
33.67,25992
33.68,25992
33.69,25992
33.7,24548
33.71,25992
33.72,25992
33.73,25992
33.74,25992
33.75,25992
33.76,25992
33.77,25992
33.78,25992
33.79,25992
33.8,25992
33.81,24548
33.82,27436
33.83,25992
33.84,24548
33.85,25992
33.86,25992
33.87,25992
33.88,25992
33.89,25992
33.9,25992
33.91,25992
33.92,25992
33.93,25992
33.94,25992
33.95,25992
33.96,25992
33.97,25992
33.98,25992
33.99,25992
34.0,25992
34.01,25992
34.02,25992
34.03,25992
34.04,24548
34.05,25992
34.06,25992
34.07,25992
34.08,25992
34.09,25992
34.1,25992
34.11,25992
34.12,25992
34.13,25992
34.14,25992
34.15,25992
34.16,25992
34.17,25992
34.18,25992
34.19,25992
34.2,25992
34.21,25992
34.22,25992
34.23,25992
34.24,25992
34.25,25992
34.26,25992
34.27,25992
34.28,25992
34.29,25992
34.3,25992
34.31,25992
34.32,25992
34.33,25992
34.34,24548
34.35,27436
34.36,25992
34.37,25992
34.38,25992
34.39,25992
34.4,25992
34.41,25992
34.42,25992
34.43,25992
34.44,25992
34.45,25992
34.46,25992
34.47,25992
34.48,25992
34.49,25992
34.5,25992
34.51,25992
34.52,25992
34.53,25992
34.54,25992
34.55,25992
34.56,25992
34.57,25992
34.58,25992
34.59,25992
34.6,25992
34.61,25992
34.62,25992
34.63,25992
34.64,25992
34.65,25992
34.66,25992
34.67,25992
34.68,25992
34.69,25992
34.7,25992
34.71,27436
34.72,25992
34.73,25992
34.74,25992
34.75,25992
34.76,25992
34.77,25992
34.78,25992
34.79,25992
34.8,25992
34.81,25992
34.82,25992
34.83,25992
34.84,25992
34.85,25992
34.86,25992
34.87,25992
34.88,25992
34.89,25992
34.9,25992
34.91,27436
34.92,25992
34.93,25992
34.94,25992
34.95,25992
34.96,25992
34.97,25992
34.98,25992
34.99,25992
35.0,25992
35.01,25992
35.02,25992
35.03,25992
35.04,27436
35.05,25992
35.06,25992
35.07,25992
35.08,25992
35.09,25992
35.1,25992
35.11,25992
35.12,25992
35.13,25992
35.14,25992
35.15,27436
35.16,25992
35.17,25992
35.18,25992
35.19,25992
35.2,25992
35.21,25992
35.22,25992
35.23,25992
35.24,25992
35.25,27436
35.26,25992
35.27,7220
