Segundos_em_0.01,Bytes_Por_0.01_Segundo,Quantidade_pacotes
9.98,25992,18
9.99,25992,18
10.0,25992,18
10.01,25992,18
10.02,25992,18
10.03,25992,18
10.04,25992,18
10.05,24548,17
10.06,24548,17
10.07,25992,18
10.08,25992,18
10.09,25992,18
10.1,25992,18
10.11,25992,18
10.12,25992,18
10.13,25992,18
10.14,25992,18
10.15,25992,18
10.16,25992,18
10.17,24548,17
10.18,25992,18
10.19,24548,17
10.2,25992,18
10.21,25992,18
10.22,25992,18
10.23,25992,18
10.24,25992,18
10.25,25992,18
10.26,25992,18
10.27,25992,18
10.28,25992,18
10.29,25992,18
10.3,24548,17
10.31,24548,17
10.32,25992,18
10.33,25992,18
10.34,25992,18
10.35,25992,18
10.36,25992,18
10.37,25992,18
10.38,25992,18
10.39,25992,18
10.4,25992,18
10.41,25992,18
10.42,24548,17
10.43,24548,17
10.44,25992,18
10.45,25992,18
10.46,25992,18
10.47,25992,18
10.48,25992,18
10.49,25992,18
10.5,25992,18
10.51,25992,18
10.52,25992,18
10.53,25992,18
10.54,25992,18
10.55,24548,17
10.56,24548,17
10.57,25992,18
10.58,25992,18
10.59,25992,18
10.6,25992,18
10.61,25992,18
10.62,25992,18
10.63,25992,18
10.64,25992,18
10.65,25992,18
10.66,25992,18
10.67,24548,17
10.68,25992,18
10.69,24548,17
10.7,25992,18
10.71,25992,18
10.72,25992,18
10.73,25992,18
10.74,25992,18
10.75,25992,18
10.76,25992,18
10.77,25992,18
10.78,25992,18
10.79,25992,18
10.8,24548,17
10.81,24548,17
10.82,25992,18
10.83,25992,18
10.84,25992,18
10.85,25992,18
10.86,25992,18
10.87,25992,18
10.88,25992,18
10.89,25992,18
10.9,25992,18
10.91,25992,18
10.92,25992,18
10.93,23104,16
10.94,25992,18
10.95,25992,18
10.96,25992,18
10.97,25992,18
10.98,25992,18
10.99,25992,18
11.0,25992,18
11.01,25992,18
11.02,25992,18
11.03,25992,18
11.04,25992,18
11.05,24548,17
11.06,24548,17
11.07,25992,18
11.08,25992,18
11.09,25992,18
11.1,25992,18
11.11,25992,18
11.12,25992,18
11.13,25992,18
11.14,25992,18
11.15,25992,18
11.16,25992,18
11.17,25992,18
11.18,24548,17
11.19,24548,17
11.2,25992,18
11.21,25992,18
11.22,25992,18
11.23,25992,18
11.24,25992,18
11.25,25992,18
11.26,25992,18
11.27,25992,18
11.28,25992,18
11.29,24548,17
11.3,25992,18
11.31,24548,17
11.32,25992,18
11.33,25992,18
11.34,25992,18
11.35,25992,18
11.36,25992,18
11.37,25992,18
11.38,25992,18
11.39,25992,18
11.4,25992,18
11.41,25992,18
11.42,24548,17
11.43,25992,18
11.44,24548,17
11.45,25992,18
11.46,25992,18
11.47,25992,18
11.48,25992,18
11.49,25992,18
11.5,25992,18
11.51,25992,18
11.52,25992,18
11.53,25992,18
11.54,25992,18
11.55,24548,17
11.56,24548,17
11.57,25992,18
11.58,25992,18
11.59,25992,18
11.6,25992,18
11.61,25992,18
11.62,25992,18
11.63,25992,18
11.64,25992,18
11.65,25992,18
11.66,25992,18
11.67,25992,18
11.68,24548,17
11.69,24548,17
11.7,25992,18
11.71,25992,18
11.72,25992,18
11.73,25992,18
11.74,25992,18
11.75,25992,18
11.76,25992,18
11.77,25992,18
11.78,25992,18
11.79,25992,18
11.8,24548,17
11.81,24548,17
11.82,25992,18
11.83,25992,18
11.84,25992,18
11.85,25992,18
11.86,25992,18
11.87,25992,18
11.88,25992,18
11.89,25992,18
11.9,25992,18
11.91,25992,18
11.92,24548,17
11.93,25992,18
11.94,24548,17
11.95,25992,18
11.96,25992,18
11.97,25992,18
11.98,25992,18
11.99,25992,18
12.0,25992,18
12.01,25992,18
12.02,25992,18
12.03,25992,18
12.04,25992,18
12.05,24548,17
12.06,24548,17
12.07,25992,18
12.08,25992,18
12.09,25992,18
12.1,25992,18
12.11,25992,18
12.12,25992,18
12.13,25992,18
12.14,25992,18
12.15,25992,18
12.16,25992,18
12.17,25992,18
12.18,24548,17
12.19,24548,17
12.2,25992,18
12.21,25992,18
12.22,25992,18
12.23,25992,18
12.24,25992,18
12.25,25992,18
12.26,25992,18
12.27,25992,18
12.28,25992,18
12.29,25992,18
12.3,24548,17
12.31,24548,17
12.32,25992,18
12.33,25992,18
12.34,25992,18
12.35,25992,18
12.36,25992,18
12.37,25992,18
12.38,25992,18
12.39,25992,18
12.4,25992,18
12.41,25992,18
12.42,24548,17
12.43,25992,18
12.44,24548,17
12.45,25992,18
12.46,25992,18
12.47,25992,18
12.48,25992,18
12.49,25992,18
12.5,25992,18
12.51,25992,18
12.52,25992,18
12.53,25992,18
12.54,25992,18
12.55,24548,17
12.56,24548,17
12.57,25992,18
12.58,25992,18
12.59,25992,18
12.6,25992,18
12.61,25992,18
12.62,25992,18
12.63,25992,18
12.64,25992,18
12.65,25992,18
12.66,25992,18
12.67,24548,17
12.68,24548,17
12.69,25992,18
12.7,25992,18
12.71,25992,18
12.72,25992,18
12.73,25992,18
12.74,25992,18
12.75,25992,18
12.76,25992,18
12.77,25992,18
12.78,25992,18
12.79,24548,17
12.8,25992,18
12.81,24548,17
12.82,25992,18
12.83,25992,18
12.84,25992,18
12.85,25992,18
12.86,25992,18
12.87,25992,18
12.88,25992,18
12.89,25992,18
12.9,25992,18
12.91,25992,18
12.92,24548,17
12.93,25992,18
12.94,24548,17
12.95,25992,18
12.96,25992,18
12.97,25992,18
12.98,25992,18
12.99,25992,18
13.0,25992,18
13.01,25992,18
13.02,25992,18
13.03,25992,18
13.04,24548,17
13.05,25992,18
13.06,24548,17
13.07,25992,18
13.08,25992,18
13.09,25992,18
13.1,25992,18
13.11,25992,18
13.12,25992,18
13.13,25992,18
13.14,25992,18
13.15,25992,18
13.16,25992,18
13.17,23104,16
13.18,27436,19
13.19,24548,17
13.2,25992,18
13.21,25992,18
13.22,25992,18
13.23,25992,18
13.24,25992,18
13.25,25992,18
13.26,25992,18
13.27,25992,18
13.28,25992,18
13.29,25992,18
13.3,24548,17
13.31,24548,17
13.32,25992,18
13.33,25992,18
13.34,25992,18
13.35,25992,18
13.36,25992,18
13.37,25992,18
13.38,25992,18
13.39,25992,18
13.4,25992,18
13.41,25992,18
13.42,25992,18
13.43,23104,16
13.44,25992,18
13.45,25992,18
13.46,25992,18
13.47,25992,18
13.48,25992,18
13.49,25992,18
13.5,25992,18
13.51,25992,18
13.52,25992,18
13.53,25992,18
13.54,25992,18
13.55,24548,17
13.56,24548,17
13.57,25992,18
13.58,25992,18
13.59,25992,18
13.6,25992,18
13.61,25992,18
13.62,25992,18
13.63,25992,18
13.64,25992,18
13.65,25992,18
13.66,25992,18
13.67,25992,18
13.68,23104,16
13.69,25992,18
13.7,25992,18
13.71,25992,18
13.72,25992,18
13.73,25992,18
13.74,25992,18
13.75,25992,18
13.76,25992,18
13.77,25992,18
13.78,23104,16
13.79,28880,20
13.8,24548,17
13.81,24548,17
13.82,25992,18
13.83,25992,18
13.84,25992,18
13.85,25992,18
13.86,25992,18
13.87,25992,18
13.88,25992,18
13.89,25992,18
13.9,25992,18
13.91,25992,18
13.92,24548,17
13.93,25992,18
13.94,24548,17
13.95,25992,18
13.96,25992,18
13.97,25992,18
13.98,25992,18
13.99,25992,18
14.0,25992,18
14.01,25992,18
14.02,25992,18
14.03,25992,18
14.04,25992,18
14.05,24548,17
14.06,24548,17
14.07,25992,18
14.08,25992,18
14.09,25992,18
14.1,25992,18
14.11,25992,18
14.12,25992,18
14.13,25992,18
14.14,25992,18
14.15,25992,18
14.16,24548,17
14.17,27436,19
14.18,24548,17
14.19,24548,17
14.2,25992,18
14.21,25992,18
14.22,25992,18
14.23,25992,18
14.24,25992,18
14.25,25992,18
14.26,25992,18
14.27,25992,18
14.28,25992,18
14.29,25992,18
14.3,24548,17
14.31,24548,17
14.32,25992,18
14.33,25992,18
14.34,25992,18
14.35,25992,18
14.36,25992,18
14.37,25992,18
14.38,25992,18
14.39,24548,17
14.4,27436,19
14.41,25992,18
14.42,24548,17
14.43,25992,18
14.44,24548,17
14.45,25992,18
14.46,25992,18
14.47,25992,18
14.48,25992,18
14.49,25992,18
14.5,25992,18
14.51,25992,18
14.52,25992,18
14.53,25992,18
14.54,25992,18
14.55,24548,17
14.56,24548,17
14.57,25992,18
14.58,25992,18
14.59,25992,18
14.6,25992,18
14.61,25992,18
14.62,25992,18
14.63,25992,18
14.64,25992,18
14.65,25992,18
14.66,25992,18
14.67,25992,18
14.68,24548,17
14.69,24548,17
14.7,25992,18
14.71,25992,18
14.72,25992,18
14.73,25992,18
14.74,25992,18
14.75,25992,18
14.76,25992,18
14.77,25992,18
14.78,25992,18
14.79,25992,18
14.8,24548,17
14.81,24548,17
14.82,25992,18
14.83,25992,18
14.84,25992,18
14.85,25992,18
14.86,25992,18
14.87,25992,18
14.88,25992,18
14.89,25992,18
14.9,25992,18
14.91,25992,18
14.92,24548,17
14.93,25992,18
14.94,24548,17
14.95,25992,18
14.96,25992,18
14.97,25992,18
14.98,25992,18
14.99,25992,18
15.0,25992,18
15.01,25992,18
15.02,25992,18
15.03,25992,18
15.04,25992,18
15.05,24548,17
15.06,24548,17
15.07,25992,18
15.08,25992,18
15.09,25992,18
15.1,25992,18
15.11,25992,18
15.12,25992,18
15.13,25992,18
15.14,25992,18
15.15,25992,18
15.16,25992,18
15.17,24548,17
15.18,25992,18
15.19,24548,17
15.2,25992,18
15.21,25992,18
15.22,25992,18
15.23,25992,18
15.24,25992,18
15.25,25992,18
15.26,25992,18
15.27,25992,18
15.28,25992,18
15.29,25992,18
15.3,24548,17
15.31,24548,17
15.32,25992,18
15.33,25992,18
15.34,25992,18
15.35,25992,18
15.36,25992,18
15.37,25992,18
15.38,25992,18
15.39,25992,18
15.4,25992,18
15.41,25992,18
15.42,25992,18
15.43,24548,17
15.44,24548,17
15.45,25992,18
15.46,25992,18
15.47,25992,18
15.48,25992,18
15.49,25992,18
15.5,25992,18
15.51,25992,18
15.52,25992,18
15.53,25992,18
15.54,25992,18
15.55,24548,17
15.56,24548,17
15.57,25992,18
15.58,25992,18
15.59,25992,18
15.6,25992,18
15.61,25992,18
15.62,25992,18
15.63,25992,18
15.64,25992,18
15.65,25992,18
15.66,25992,18
15.67,25992,18
15.68,24548,17
15.69,24548,17
15.7,25992,18
15.71,25992,18
15.72,25992,18
15.73,25992,18
15.74,25992,18
15.75,25992,18
15.76,25992,18
15.77,25992,18
15.78,25992,18
15.79,25992,18
15.8,24548,17
15.81,24548,17
15.82,25992,18
15.83,25992,18
15.84,25992,18
15.85,25992,18
15.86,25992,18
15.87,25992,18
15.88,25992,18
15.89,25992,18
15.9,25992,18
15.91,25992,18
15.92,25992,18
15.93,24548,17
15.94,24548,17
15.95,25992,18
15.96,25992,18
15.97,25992,18
15.98,25992,18
15.99,25992,18
16.0,25992,18
16.01,25992,18
16.02,25992,18
16.03,25992,18
16.04,24548,17
16.05,25992,18
16.06,24548,17
16.07,25992,18
16.08,25992,18
16.09,25992,18
16.1,25992,18
16.11,25992,18
16.12,25992,18
16.13,25992,18
16.14,25992,18
16.15,25992,18
16.16,25992,18
16.17,24548,17
16.18,25992,18
16.19,24548,17
16.2,25992,18
16.21,25992,18
16.22,25992,18
16.23,25992,18
16.24,25992,18
16.25,25992,18
16.26,25992,18
16.27,25992,18
16.28,25992,18
16.29,25992,18
16.3,24548,17
16.31,24548,17
16.32,25992,18
16.33,25992,18
16.34,25992,18
16.35,25992,18
16.36,25992,18
16.37,25992,18
16.38,25992,18
16.39,25992,18
16.4,25992,18
16.41,25992,18
16.42,24548,17
16.43,25992,18
16.44,24548,17
16.45,25992,18
16.46,25992,18
16.47,25992,18
16.48,25992,18
16.49,25992,18
16.5,25992,18
16.51,25992,18
16.52,25992,18
16.53,25992,18
16.54,25992,18
16.55,24548,17
16.56,24548,17
16.57,25992,18
16.58,25992,18
16.59,25992,18
16.6,25992,18
16.61,25992,18
16.62,25992,18
16.63,25992,18
16.64,25992,18
16.65,25992,18
16.66,25992,18
16.67,24548,17
16.68,25992,18
16.69,24548,17
16.7,25992,18
16.71,25992,18
16.72,25992,18
16.73,25992,18
16.74,25992,18
16.75,25992,18
16.76,25992,18
16.77,25992,18
16.78,25992,18
16.79,25992,18
16.8,24548,17
16.81,24548,17
16.82,25992,18
16.83,25992,18
16.84,25992,18
16.85,25992,18
16.86,25992,18
16.87,25992,18
16.88,25992,18
16.89,25992,18
16.9,25992,18
16.91,25992,18
16.92,25992,18
16.93,24548,17
16.94,24548,17
16.95,25992,18
16.96,25992,18
16.97,25992,18
16.98,25992,18
16.99,25992,18
17.0,25992,18
17.01,25992,18
17.02,25992,18
17.03,25992,18
17.04,25992,18
17.05,24548,17
17.06,24548,17
17.07,25992,18
17.08,25992,18
17.09,25992,18
17.1,25992,18
17.11,25992,18
17.12,25992,18
17.13,25992,18
17.14,25992,18
17.15,25992,18
17.16,25992,18
17.17,25992,18
17.18,24548,17
17.19,24548,17
17.2,25992,18
17.21,25992,18
17.22,25992,18
17.23,25992,18
17.24,25992,18
17.25,25992,18
17.26,25992,18
17.27,25992,18
17.28,25992,18
17.29,25992,18
17.3,24548,17
17.31,24548,17
17.32,25992,18
17.33,25992,18
17.34,25992,18
17.35,25992,18
17.36,25992,18
17.37,25992,18
17.38,25992,18
17.39,25992,18
17.4,25992,18
17.41,25992,18
17.42,24548,17
17.43,24548,17
17.44,25992,18
17.45,25992,18
17.46,25992,18
17.47,25992,18
17.48,25992,18
17.49,25992,18
17.5,25992,18
17.51,25992,18
17.52,25992,18
17.53,25992,18
17.54,25992,18
17.55,24548,17
17.56,24548,17
17.57,25992,18
17.58,25992,18
17.59,25992,18
17.6,25992,18
17.61,25992,18
17.62,25992,18
17.63,25992,18
17.64,25992,18
17.65,25992,18
17.66,25992,18
17.67,24548,17
17.68,25992,18
17.69,24548,17
17.7,25992,18
17.71,25992,18
17.72,25992,18
17.73,25992,18
17.74,25992,18
17.75,25992,18
17.76,25992,18
17.77,25992,18
17.78,25992,18
17.79,25992,18
17.8,24548,17
17.81,24548,17
17.82,25992,18
17.83,25992,18
17.84,25992,18
17.85,25992,18
17.86,25992,18
17.87,25992,18
17.88,25992,18
17.89,25992,18
17.9,25992,18
17.91,25992,18
17.92,25992,18
17.93,24548,17
17.94,24548,17
17.95,25992,18
17.96,25992,18
17.97,25992,18
17.98,25992,18
17.99,25992,18
18.0,25992,18
18.01,25992,18
18.02,25992,18
18.03,25992,18
18.04,25992,18
18.05,24548,17
18.06,24548,17
18.07,25992,18
18.08,25992,18
18.09,25992,18
18.1,25992,18
18.11,25992,18
18.12,25992,18
18.13,25992,18
18.14,25992,18
18.15,25992,18
18.16,25992,18
18.17,24548,17
18.18,25992,18
18.19,24548,17
18.2,25992,18
18.21,25992,18
18.22,25992,18
18.23,25992,18
18.24,25992,18
18.25,25992,18
18.26,25992,18
18.27,25992,18
18.28,25992,18
18.29,25992,18
18.3,24548,17
18.31,24548,17
18.32,25992,18
18.33,25992,18
18.34,25992,18
18.35,25992,18
18.36,25992,18
18.37,25992,18
18.38,25992,18
18.39,25992,18
18.4,25992,18
18.41,25992,18
18.42,25992,18
18.43,23104,16
18.44,25992,18
18.45,25992,18
18.46,25992,18
18.47,25992,18
18.48,25992,18
18.49,25992,18
18.5,25992,18
18.51,25992,18
18.52,25992,18
18.53,25992,18
18.54,24548,17
18.55,25992,18
18.56,24548,17
18.57,25992,18
18.58,25992,18
18.59,25992,18
18.6,25992,18
18.61,25992,18
18.62,25992,18
18.63,25992,18
18.64,25992,18
18.65,25992,18
18.66,25992,18
18.67,24548,17
18.68,24548,17
18.69,25992,18
18.7,25992,18
18.71,25992,18
18.72,25992,18
18.73,25992,18
18.74,25992,18
18.75,25992,18
18.76,25992,18
18.77,25992,18
18.78,25992,18
18.79,25992,18
18.8,24548,17
18.81,24548,17
18.82,25992,18
18.83,25992,18
18.84,25992,18
18.85,25992,18
18.86,25992,18
18.87,25992,18
18.88,25992,18
18.89,25992,18
18.9,25992,18
18.91,25992,18
18.92,24548,17
18.93,24548,17
18.94,25992,18
18.95,25992,18
18.96,25992,18
18.97,25992,18
18.98,25992,18
18.99,25992,18
19.0,25992,18
19.01,25992,18
19.02,25992,18
19.03,25992,18
19.04,23104,16
19.05,27436,19
19.06,24548,17
19.07,25992,18
19.08,25992,18
19.09,25992,18
19.1,25992,18
19.11,25992,18
19.12,25992,18
19.13,25992,18
19.14,25992,18
19.15,25992,18
19.16,25992,18
19.17,25992,18
19.18,24548,17
19.19,24548,17
19.2,25992,18
19.21,25992,18
19.22,25992,18
19.23,25992,18
19.24,25992,18
19.25,25992,18
19.26,25992,18
19.27,25992,18
19.28,25992,18
19.29,25992,18
19.3,24548,17
19.31,24548,17
19.32,25992,18
19.33,25992,18
19.34,25992,18
19.35,25992,18
19.36,25992,18
19.37,25992,18
19.38,25992,18
19.39,25992,18
19.4,25992,18
19.41,25992,18
19.42,24548,17
19.43,25992,18
19.44,24548,17
19.45,25992,18
19.46,25992,18
19.47,25992,18
19.48,25992,18
19.49,25992,18
19.5,25992,18
19.51,25992,18
19.52,25992,18
19.53,25992,18
19.54,25992,18
19.55,24548,17
19.56,24548,17
19.57,25992,18
19.58,25992,18
19.59,25992,18
19.6,25992,18
19.61,25992,18
19.62,25992,18
19.63,25992,18
19.64,25992,18
19.65,23104,16
19.66,28880,20
19.67,25992,18
19.68,24548,17
19.69,24548,17
19.7,25992,18
19.71,25992,18
19.72,25992,18
19.73,25992,18
19.74,25992,18
19.75,25992,18
19.76,25992,18
19.77,25992,18
19.78,25992,18
19.79,25992,18
19.8,24548,17
19.81,24548,17
19.82,25992,18
19.83,25992,18
19.84,25992,18
19.85,25992,18
19.86,25992,18
19.87,25992,18
19.88,25992,18
19.89,25992,18
19.9,25992,18
19.91,25992,18
19.92,24548,17
19.93,24548,17
19.94,25992,18
19.95,25992,18
19.96,25992,18
19.97,25992,18
19.98,25992,18
19.99,25992,18
20.0,25992,18
20.01,25992,18
20.02,25992,18
20.03,25992,18
20.04,25992,18
20.05,24548,17
20.06,24548,17
20.07,25992,18
20.08,25992,18
20.09,25992,18
20.1,25992,18
20.11,25992,18
20.12,25992,18
20.13,25992,18
20.14,25992,18
20.15,25992,18
20.16,25992,18
20.17,24548,17
20.18,25992,18
20.19,24548,17
20.2,25992,18
20.21,25992,18
20.22,25992,18
20.23,25992,18
20.24,25992,18
20.25,25992,18
20.26,25992,18
20.27,25992,18
20.28,25992,18
20.29,24548,17
20.3,25992,18
20.31,24548,17
20.32,25992,18
20.33,25992,18
20.34,25992,18
20.35,25992,18
20.36,25992,18
20.37,25992,18
20.38,25992,18
20.39,25992,18
20.4,25992,18
20.41,25992,18
20.42,24548,17
20.43,25992,18
20.44,24548,17
20.45,25992,18
20.46,25992,18
20.47,25992,18
20.48,25992,18
20.49,25992,18
20.5,25992,18
20.51,25992,18
20.52,25992,18
20.53,25992,18
20.54,25992,18
20.55,24548,17
20.56,24548,17
20.57,25992,18
20.58,25992,18
20.59,25992,18
20.6,25992,18
20.61,25992,18
20.62,25992,18
20.63,25992,18
20.64,25992,18
20.65,25992,18
20.66,25992,18
20.67,24548,17
20.68,25992,18
20.69,24548,17
20.7,25992,18
20.71,25992,18
20.72,25992,18
20.73,25992,18
20.74,25992,18
20.75,25992,18
20.76,25992,18
20.77,25992,18
20.78,25992,18
20.79,25992,18
20.8,24548,17
20.81,24548,17
20.82,25992,18
20.83,25992,18
20.84,25992,18
20.85,25992,18
20.86,25992,18
20.87,25992,18
20.88,25992,18
20.89,25992,18
20.9,25992,18
20.91,25992,18
20.92,24548,17
20.93,25992,18
20.94,24548,17
20.95,25992,18
20.96,25992,18
20.97,25992,18
20.98,25992,18
20.99,25992,18
21.0,25992,18
21.01,25992,18
21.02,25992,18
21.03,25992,18
21.04,25992,18
21.05,24548,17
21.06,24548,17
21.07,25992,18
21.08,25992,18
21.09,25992,18
21.1,25992,18
21.11,25992,18
21.12,25992,18
21.13,25992,18
21.14,25992,18
21.15,25992,18
21.16,25992,18
21.17,25992,18
21.18,24548,17
21.19,24548,17
21.2,25992,18
21.21,25992,18
21.22,25992,18
21.23,25992,18
21.24,25992,18
21.25,25992,18
21.26,25992,18
21.27,25992,18
21.28,25992,18
21.29,25992,18
21.3,24548,17
21.31,24548,17
21.32,25992,18
21.33,25992,18
21.34,25992,18
21.35,25992,18
21.36,25992,18
21.37,25992,18
21.38,25992,18
21.39,25992,18
21.4,25992,18
21.41,25992,18
21.42,25992,18
21.43,24548,17
21.44,24548,17
21.45,25992,18
21.46,25992,18
21.47,25992,18
21.48,25992,18
21.49,25992,18
21.5,25992,18
21.51,25992,18
21.52,25992,18
21.53,25992,18
21.54,25992,18
21.55,24548,17
21.56,24548,17
21.57,25992,18
21.58,25992,18
21.59,25992,18
21.6,25992,18
21.61,25992,18
21.62,25992,18
21.63,25992,18
21.64,25992,18
21.65,25992,18
21.66,25992,18
21.67,25992,18
21.68,23104,16
21.69,25992,18
21.7,25992,18
21.71,25992,18
21.72,25992,18
21.73,25992,18
21.74,25992,18
21.75,25992,18
21.76,25992,18
21.77,25992,18
21.78,25992,18
21.79,25992,18
21.8,24548,17
21.81,24548,17
21.82,25992,18
21.83,25992,18
21.84,25992,18
21.85,25992,18
21.86,25992,18
21.87,25992,18
21.88,25992,18
21.89,25992,18
21.9,25992,18
21.91,25992,18
21.92,24548,17
21.93,25992,18
21.94,24548,17
21.95,25992,18
21.96,25992,18
21.97,25992,18
21.98,25992,18
21.99,25992,18
22.0,25992,18
22.01,25992,18
22.02,25992,18
22.03,25992,18
22.04,25992,18
22.05,24548,17
22.06,24548,17
22.07,25992,18
22.08,25992,18
22.09,25992,18
22.1,25992,18
22.11,25992,18
22.12,25992,18
22.13,25992,18
22.14,25992,18
22.15,25992,18
22.16,25992,18
22.17,25992,18
22.18,24548,17
22.19,24548,17
22.2,25992,18
22.21,25992,18
22.22,25992,18
22.23,25992,18
22.24,25992,18
22.25,25992,18
22.26,25992,18
22.27,25992,18
22.28,25992,18
22.29,24548,17
22.3,25992,18
22.31,24548,17
22.32,25992,18
22.33,25992,18
22.34,25992,18
22.35,25992,18
22.36,25992,18
22.37,25992,18
22.38,25992,18
22.39,25992,18
22.4,25992,18
22.41,25992,18
22.42,25992,18
22.43,24548,17
22.44,24548,17
22.45,25992,18
22.46,25992,18
22.47,25992,18
22.48,25992,18
22.49,25992,18
22.5,25992,18
22.51,25992,18
22.52,25992,18
22.53,25992,18
22.54,25992,18
22.55,24548,17
22.56,24548,17
22.57,25992,18
22.58,25992,18
22.59,25992,18
22.6,25992,18
22.61,25992,18
22.62,25992,18
22.63,25992,18
22.64,25992,18
22.65,25992,18
22.66,25992,18
22.67,25992,18
22.68,24548,17
22.69,24548,17
22.7,25992,18
22.71,25992,18
22.72,25992,18
22.73,25992,18
22.74,25992,18
22.75,25992,18
22.76,25992,18
22.77,25992,18
22.78,25992,18
22.79,25992,18
22.8,24548,17
22.81,24548,17
22.82,25992,18
22.83,25992,18
22.84,25992,18
22.85,25992,18
22.86,25992,18
22.87,25992,18
22.88,25992,18
22.89,25992,18
22.9,25992,18
22.91,24548,17
22.92,27436,19
22.93,23104,16
22.94,25992,18
22.95,25992,18
22.96,25992,18
22.97,25992,18
22.98,25992,18
22.99,25992,18
23.0,25992,18
23.01,25992,18
23.02,25992,18
23.03,25992,18
23.04,25992,18
23.05,24548,17
23.06,24548,17
23.07,25992,18
23.08,25992,18
23.09,25992,18
23.1,25992,18
23.11,25992,18
23.12,25992,18
23.13,25992,18
23.14,25992,18
23.15,25992,18
23.16,25992,18
23.17,25992,18
23.18,24548,17
23.19,24548,17
23.2,25992,18
23.21,25992,18
23.22,25992,18
23.23,25992,18
23.24,25992,18
23.25,25992,18
23.26,25992,18
23.27,25992,18
23.28,25992,18
23.29,25992,18
23.3,24548,17
23.31,24548,17
23.32,25992,18
23.33,25992,18
23.34,25992,18
23.35,25992,18
23.36,25992,18
23.37,25992,18
23.38,25992,18
23.39,25992,18
23.4,25992,18
23.41,25992,18
23.42,24548,17
23.43,24548,17
23.44,25992,18
23.45,25992,18
23.46,25992,18
23.47,25992,18
23.48,25992,18
23.49,25992,18
23.5,25992,18
23.51,25992,18
23.52,25992,18
23.53,25992,18
23.54,25992,18
23.55,24548,17
23.56,24548,17
23.57,25992,18
23.58,25992,18
23.59,25992,18
23.6,25992,18
23.61,25992,18
23.62,25992,18
23.63,25992,18
23.64,25992,18
23.65,25992,18
23.66,25992,18
23.67,25992,18
23.68,23104,16
23.69,25992,18
23.7,25992,18
23.71,25992,18
23.72,25992,18
23.73,25992,18
23.74,25992,18
23.75,25992,18
23.76,25992,18
23.77,25992,18
23.78,25992,18
23.79,25992,18
23.8,24548,17
23.81,24548,17
23.82,25992,18
23.83,25992,18
23.84,25992,18
23.85,25992,18
23.86,25992,18
23.87,25992,18
23.88,25992,18
23.89,25992,18
23.9,25992,18
23.91,25992,18
23.92,24548,17
23.93,25992,18
23.94,24548,17
23.95,25992,18
23.96,25992,18
23.97,25992,18
23.98,25992,18
23.99,25992,18
24.0,25992,18
24.01,25992,18
24.02,25992,18
24.03,25992,18
24.04,25992,18
24.05,24548,17
24.06,24548,17
24.07,25992,18
24.08,25992,18
24.09,25992,18
24.1,25992,18
24.11,25992,18
24.12,25992,18
24.13,25992,18
24.14,25992,18
24.15,25992,18
24.16,25992,18
24.17,24548,17
24.18,25992,18
24.19,24548,17
24.2,25992,18
24.21,25992,18
24.22,25992,18
24.23,25992,18
24.24,25992,18
24.25,25992,18
24.26,25992,18
24.27,25992,18
24.28,25992,18
24.29,25992,18
24.3,23104,16
24.31,25992,18
24.32,25992,18
24.33,25992,18
24.34,25992,18
24.35,25992,18
24.36,25992,18
24.37,25992,18
24.38,25992,18
24.39,25992,18
24.4,25992,18
24.41,25992,18
24.42,25992,18
24.43,24548,17
24.44,24548,17
24.45,25992,18
24.46,25992,18
24.47,25992,18
24.48,25992,18
24.49,25992,18
24.5,25992,18
24.51,25992,18
24.52,25992,18
24.53,25992,18
24.54,24548,17
24.55,25992,18
24.56,24548,17
24.57,25992,18
24.58,25992,18
24.59,25992,18
24.6,25992,18
24.61,25992,18
24.62,25992,18
24.63,25992,18
24.64,25992,18
24.65,25992,18
24.66,25992,18
24.67,24548,17
24.68,25992,18
24.69,24548,17
24.7,25992,18
24.71,25992,18
24.72,25992,18
24.73,25992,18
24.74,25992,18
24.75,25992,18
24.76,25992,18
24.77,25992,18
24.78,25992,18
24.79,25992,18
24.8,24548,17
24.81,24548,17
24.82,25992,18
24.83,25992,18
24.84,25992,18
24.85,25992,18
24.86,25992,18
24.87,25992,18
24.88,25992,18
24.89,25992,18
24.9,25992,18
24.91,23104,16
24.92,28880,20
24.93,24548,17
24.94,24548,17
24.95,25992,18
24.96,25992,18
24.97,25992,18
24.98,25992,18
24.99,25992,18
25.0,25992,18
25.01,25992,18
25.02,25992,18
25.03,25992,18
25.04,25992,18
25.05,24548,17
25.06,24548,17
25.07,25992,18
25.08,25992,18
25.09,25992,18
25.1,25992,18
25.11,25992,18
25.12,25992,18
25.13,25992,18
25.14,25992,18
25.15,25992,18
25.16,25992,18
25.17,25992,18
25.18,24548,17
25.19,24548,17
25.2,25992,18
25.21,25992,18
25.22,25992,18
25.23,25992,18
25.24,25992,18
25.25,25992,18
25.26,25992,18
25.27,25992,18
25.28,25992,18
25.29,25992,18
25.3,24548,17
25.31,24548,17
25.32,25992,18
25.33,25992,18
25.34,25992,18
25.35,25992,18
25.36,25992,18
25.37,25992,18
25.38,25992,18
25.39,25992,18
25.4,25992,18
25.41,25992,18
25.42,24548,17
25.43,25992,18
25.44,24548,17
25.45,25992,18
25.46,25992,18
25.47,25992,18
25.48,25992,18
25.49,25992,18
25.5,25992,18
25.51,25992,18
25.52,24548,17
25.53,27436,19
25.54,25992,18
25.55,24548,17
25.56,24548,17
25.57,25992,18
25.58,25992,18
25.59,25992,18
25.6,25992,18
25.61,25992,18
25.62,25992,18
25.63,25992,18
25.64,25992,18
25.65,25992,18
25.66,25992,18
25.67,24548,17
25.68,25992,18
25.69,24548,17
25.7,25992,18
25.71,25992,18
25.72,25992,18
25.73,25992,18
25.74,25992,18
25.75,25992,18
25.76,25992,18
25.77,25992,18
25.78,25992,18
25.79,25992,18
25.8,24548,17
25.81,24548,17
25.82,25992,18
25.83,25992,18
25.84,25992,18
25.85,25992,18
25.86,25992,18
25.87,25992,18
25.88,25992,18
25.89,25992,18
25.9,25992,18
25.91,25992,18
25.92,25992,18
25.93,24548,17
25.94,24548,17
25.95,25992,18
25.96,25992,18
25.97,25992,18
25.98,25992,18
25.99,25992,18
26.0,25992,18
26.01,25992,18
26.02,25992,18
26.03,25992,18
26.04,25992,18
26.05,25992,18
26.06,23104,16
26.07,25992,18
26.08,25992,18
26.09,25992,18
26.1,25992,18
26.11,25992,18
26.12,25992,18
26.13,24548,17
26.14,27436,19
26.15,25992,18
26.16,25992,18
26.17,24548,17
26.18,25992,18
26.19,24548,17
26.2,25992,18
26.21,25992,18
26.22,25992,18
26.23,25992,18
26.24,25992,18
26.25,25992,18
26.26,25992,18
26.27,25992,18
26.28,25992,18
26.29,24548,17
26.3,25992,18
26.31,24548,17
26.32,25992,18
26.33,25992,18
26.34,25992,18
26.35,25992,18
26.36,25992,18
26.37,25992,18
26.38,25992,18
26.39,25992,18
26.4,25992,18
26.41,25992,18
26.42,24548,17
26.43,24548,17
26.44,25992,18
26.45,25992,18
26.46,25992,18
26.47,25992,18
26.48,25992,18
26.49,25992,18
26.5,25992,18
26.51,25992,18
26.52,25992,18
26.53,25992,18
26.54,25992,18
26.55,24548,17
26.56,24548,17
26.57,25992,18
26.58,25992,18
26.59,25992,18
26.6,25992,18
26.61,25992,18
26.62,25992,18
26.63,25992,18
26.64,25992,18
26.65,25992,18
26.66,25992,18
26.67,25992,18
26.68,24548,17
26.69,24548,17
26.7,25992,18
26.71,25992,18
26.72,25992,18
26.73,25992,18
26.74,25992,18
26.75,25992,18
26.76,25992,18
26.77,25992,18
26.78,25992,18
26.79,25992,18
26.8,24548,17
26.81,24548,17
26.82,25992,18
26.83,25992,18
26.84,25992,18
26.85,25992,18
26.86,25992,18
26.87,25992,18
26.88,25992,18
26.89,25992,18
26.9,25992,18
26.91,25992,18
26.92,24548,17
26.93,25992,18
26.94,24548,17
26.95,25992,18
26.96,25992,18
26.97,25992,18
26.98,25992,18
26.99,25992,18
27.0,25992,18
27.01,25992,18
27.02,25992,18
27.03,25992,18
27.04,24548,17
27.05,25992,18
27.06,24548,17
27.07,25992,18
27.08,25992,18
27.09,25992,18
27.1,25992,18
27.11,25992,18
27.12,25992,18
27.13,25992,18
27.14,25992,18
27.15,25992,18
27.16,25992,18
27.17,25992,18
27.18,23104,16
27.19,25992,18
27.2,25992,18
27.21,25992,18
27.22,25992,18
27.23,25992,18
27.24,25992,18
27.25,25992,18
27.26,25992,18
27.27,25992,18
27.28,25992,18
27.29,25992,18
27.3,24548,17
27.31,24548,17
27.32,25992,18
27.33,25992,18
27.34,25992,18
27.35,25992,18
27.36,25992,18
27.37,25992,18
27.38,25992,18
27.39,25992,18
27.4,25992,18
27.41,25992,18
27.42,24548,17
27.43,25992,18
27.44,24548,17
27.45,25992,18
27.46,25992,18
27.47,25992,18
27.48,25992,18
27.49,25992,18
27.5,25992,18
27.51,25992,18
27.52,25992,18
27.53,25992,18
27.54,24548,17
27.55,25992,18
27.56,24548,17
27.57,25992,18
27.58,25992,18
27.59,25992,18
27.6,25992,18
27.61,25992,18
27.62,25992,18
27.63,25992,18
27.64,25992,18
27.65,25992,18
27.66,25992,18
27.67,23104,16
27.68,25992,18
27.69,25992,18
27.7,25992,18
27.71,25992,18
27.72,25992,18
27.73,25992,18
27.74,25992,18
27.75,25992,18
27.76,25992,18
27.77,25992,18
27.78,25992,18
27.79,25992,18
27.8,24548,17
27.81,24548,17
27.82,25992,18
27.83,25992,18
27.84,25992,18
27.85,25992,18
27.86,25992,18
27.87,25992,18
27.88,25992,18
27.89,25992,18
27.9,25992,18
27.91,25992,18
27.92,25992,18
27.93,24548,17
27.94,24548,17
27.95,25992,18
27.96,25992,18
27.97,25992,18
27.98,25992,18
27.99,25992,18
28.0,25992,18
28.01,25992,18
28.02,25992,18
28.03,25992,18
28.04,25992,18
28.05,24548,17
28.06,24548,17
28.07,25992,18
28.08,25992,18
28.09,25992,18
28.1,25992,18
28.11,25992,18
28.12,25992,18
28.13,25992,18
28.14,25992,18
28.15,25992,18
28.16,25992,18
28.17,25992,18
28.18,24548,17
28.19,24548,17
28.2,25992,18
28.21,25992,18
28.22,25992,18
28.23,25992,18
28.24,25992,18
28.25,25992,18
28.26,25992,18
28.27,25992,18
28.28,25992,18
28.29,25992,18
28.3,24548,17
28.31,24548,17
28.32,25992,18
28.33,25992,18
28.34,25992,18
28.35,25992,18
28.36,25992,18
28.37,25992,18
28.38,25992,18
28.39,25992,18
28.4,25992,18
28.41,25992,18
28.42,24548,17
28.43,24548,17
28.44,25992,18
28.45,25992,18
28.46,25992,18
28.47,25992,18
28.48,25992,18
28.49,25992,18
28.5,25992,18
28.51,25992,18
28.52,25992,18
28.53,25992,18
28.54,25992,18
28.55,24548,17
28.56,24548,17
28.57,25992,18
28.58,25992,18
28.59,25992,18
28.6,25992,18
28.61,25992,18
28.62,25992,18
28.63,25992,18
28.64,25992,18
28.65,25992,18
28.66,25992,18
28.67,25992,18
28.68,24548,17
28.69,24548,17
28.7,25992,18
28.71,25992,18
28.72,25992,18
28.73,25992,18
28.74,25992,18
28.75,25992,18
28.76,25992,18
28.77,25992,18
28.78,25992,18
28.79,24548,17
28.8,25992,18
28.81,24548,17
28.82,25992,18
28.83,25992,18
28.84,25992,18
28.85,25992,18
28.86,25992,18
28.87,25992,18
28.88,25992,18
28.89,25992,18
28.9,25992,18
28.91,25992,18
28.92,24548,17
28.93,25992,18
28.94,24548,17
28.95,25992,18
28.96,25992,18
28.97,25992,18
28.98,25992,18
28.99,25992,18
29.0,25992,18
29.01,25992,18
29.02,25992,18
29.03,25992,18
29.04,25992,18
29.05,24548,17
29.06,24548,17
29.07,25992,18
29.08,25992,18
29.09,25992,18
29.1,25992,18
29.11,25992,18
29.12,25992,18
29.13,25992,18
29.14,25992,18
29.15,25992,18
29.16,25992,18
29.17,25992,18
29.18,24548,17
29.19,24548,17
29.2,25992,18
29.21,25992,18
29.22,25992,18
29.23,25992,18
29.24,25992,18
29.25,25992,18
29.26,25992,18
29.27,25992,18
29.28,25992,18
29.29,25992,18
29.3,24548,17
29.31,24548,17
29.32,25992,18
29.33,25992,18
29.34,25992,18
29.35,25992,18
29.36,25992,18
29.37,25992,18
29.38,25992,18
29.39,25992,18
29.4,25992,18
29.41,25992,18
29.42,24548,17
29.43,25992,18
29.44,24548,17
29.45,25992,18
29.46,25992,18
29.47,25992,18
29.48,25992,18
29.49,25992,18
29.5,25992,18
29.51,25992,18
29.52,25992,18
29.53,25992,18
29.54,25992,18
29.55,24548,17
29.56,24548,17
29.57,25992,18
29.58,25992,18
29.59,25992,18
29.6,25992,18
29.61,25992,18
29.62,25992,18
29.63,25992,18
29.64,25992,18
29.65,25992,18
29.66,25992,18
29.67,24548,17
29.68,25992,18
29.69,24548,17
29.7,25992,18
29.71,25992,18
29.72,25992,18
29.73,25992,18
29.74,25992,18
29.75,25992,18
29.76,25992,18
29.77,25992,18
29.78,25992,18
29.79,25992,18
29.8,24548,17
29.81,24548,17
29.82,25992,18
29.83,25992,18
29.84,25992,18
29.85,25992,18
29.86,25992,18
29.87,25992,18
29.88,25992,18
29.89,25992,18
29.9,25992,18
29.91,25992,18
29.92,24548,17
29.93,25992,18
29.94,24548,17
29.95,25992,18
29.96,25992,18
29.97,25992,18
29.98,25992,18
29.99,25992,18
30.0,25992,18
30.01,25992,18
30.02,25992,18
30.03,25992,18
30.04,25992,18
30.05,24548,17
30.06,24548,17
30.07,25992,18
30.08,25992,18
30.09,25992,18
30.1,25992,18
30.11,25992,18
30.12,25992,18
30.13,25992,18
30.14,25992,18
30.15,25992,18
30.16,25992,18
30.17,23104,16
30.18,27436,19
30.19,24548,17
30.2,25992,18
30.21,25992,18
30.22,25992,18
30.23,25992,18
30.24,25992,18
30.25,25992,18
30.26,25992,18
30.27,25992,18
30.28,25992,18
30.29,25992,18
30.3,25992,18
30.31,23104,16
30.32,25992,18
30.33,25992,18
30.34,25992,18
30.35,25992,18
30.36,25992,18
30.37,25992,18
30.38,25992,18
30.39,25992,18
30.4,25992,18
30.41,25992,18
30.42,25992,18
30.43,24548,17
30.44,24548,17
30.45,25992,18
30.46,25992,18
30.47,25992,18
30.48,25992,18
30.49,25992,18
30.5,25992,18
30.51,25992,18
30.52,25992,18
30.53,25992,18
30.54,25992,18
30.55,24548,17
30.56,24548,17
30.57,25992,18
30.58,25992,18
30.59,25992,18
30.6,25992,18
30.61,25992,18
30.62,25992,18
30.63,25992,18
30.64,25992,18
30.65,25992,18
30.66,25992,18
30.67,24548,17
30.68,25992,18
30.69,24548,17
30.7,25992,18
30.71,25992,18
30.72,25992,18
30.73,25992,18
30.74,25992,18
30.75,25992,18
30.76,25992,18
30.77,25992,18
30.78,23104,16
30.79,28880,20
30.8,24548,17
30.81,24548,17
30.82,25992,18
30.83,25992,18
30.84,25992,18
30.85,25992,18
30.86,25992,18
30.87,25992,18
30.88,25992,18
30.89,25992,18
30.9,25992,18
30.91,25992,18
30.92,25992,18
30.93,24548,17
30.94,24548,17
30.95,25992,18
30.96,25992,18
30.97,25992,18
30.98,25992,18
30.99,25992,18
31.0,25992,18
31.01,25992,18
31.02,25992,18
31.03,25992,18
31.04,25992,18
31.05,24548,17
31.06,24548,17
31.07,25992,18
31.08,25992,18
31.09,25992,18
31.1,25992,18
31.11,25992,18
31.12,25992,18
31.13,25992,18
31.14,25992,18
31.15,25992,18
31.16,25992,18
31.17,25992,18
31.18,24548,17
31.19,24548,17
31.2,25992,18
31.21,25992,18
31.22,25992,18
31.23,25992,18
31.24,25992,18
31.25,25992,18
31.26,25992,18
31.27,25992,18
31.28,25992,18
31.29,25992,18
31.3,24548,17
31.31,24548,17
31.32,25992,18
31.33,25992,18
31.34,25992,18
31.35,25992,18
31.36,25992,18
31.37,25992,18
31.38,25992,18
31.39,24548,17
31.4,27436,19
31.41,25992,18
31.42,23104,16
31.43,27436,19
31.44,24548,17
31.45,25992,18
31.46,25992,18
31.47,25992,18
31.48,25992,18
31.49,25992,18
31.5,25992,18
31.51,25992,18
31.52,25992,18
31.53,25992,18
31.54,25992,18
31.55,24548,17
31.56,24548,17
31.57,25992,18
31.58,25992,18
31.59,25992,18
31.6,25992,18
31.61,25992,18
31.62,25992,18
31.63,25992,18
31.64,25992,18
31.65,25992,18
31.66,25992,18
31.67,25992,18
31.68,24548,17
31.69,24548,17
31.7,25992,18
31.71,25992,18
31.72,25992,18
31.73,25992,18
31.74,25992,18
31.75,25992,18
31.76,25992,18
31.77,25992,18
31.78,25992,18
31.79,25992,18
31.8,24548,17
31.81,24548,17
31.82,25992,18
31.83,25992,18
31.84,25992,18
31.85,25992,18
31.86,25992,18
31.87,25992,18
31.88,25992,18
31.89,25992,18
31.9,25992,18
31.91,25992,18
31.92,24548,17
31.93,25992,18
31.94,24548,17
31.95,25992,18
31.96,25992,18
31.97,25992,18
31.98,25992,18
31.99,25992,18
32.0,25992,18
32.01,25992,18
32.02,25992,18
32.03,25992,18
32.04,25992,18
32.05,24548,17
32.06,24548,17
32.07,25992,18
32.08,25992,18
32.09,25992,18
32.1,25992,18
32.11,25992,18
32.12,25992,18
32.13,25992,18
32.14,25992,18
32.15,25992,18
32.16,25992,18
32.17,24548,17
32.18,25992,18
32.19,24548,17
32.2,25992,18
32.21,25992,18
32.22,25992,18
32.23,25992,18
32.24,25992,18
32.25,25992,18
32.26,25992,18
32.27,25992,18
32.28,25992,18
32.29,25992,18
32.3,24548,17
32.31,24548,17
32.32,25992,18
32.33,25992,18
32.34,25992,18
32.35,25992,18
32.36,25992,18
32.37,25992,18
32.38,25992,18
32.39,25992,18
32.4,25992,18
32.41,25992,18
32.42,25992,18
32.43,24548,17
32.44,24548,17
32.45,25992,18
32.46,25992,18
32.47,25992,18
32.48,25992,18
32.49,25992,18
32.5,25992,18
32.51,25992,18
32.52,25992,18
32.53,25992,18
32.54,25992,18
32.55,24548,17
32.56,24548,17
32.57,25992,18
32.58,25992,18
32.59,25992,18
32.6,25992,18
32.61,25992,18
32.62,25992,18
32.63,25992,18
32.64,25992,18
32.65,25992,18
32.66,25992,18
32.67,24548,17
32.68,25992,18
32.69,24548,17
32.7,25992,18
32.71,25992,18
32.72,25992,18
32.73,25992,18
32.74,25992,18
32.75,25992,18
32.76,25992,18
32.77,25992,18
32.78,25992,18
32.79,25992,18
32.8,24548,17
32.81,24548,17
32.82,25992,18
32.83,25992,18
32.84,25992,18
32.85,25992,18
32.86,25992,18
32.87,25992,18
32.88,25992,18
32.89,25992,18
32.9,25992,18
32.91,24548,17
32.92,25992,18
32.93,25992,18
32.94,24548,17
32.95,25992,18
32.96,25992,18
32.97,25992,18
32.98,25992,18
32.99,25992,18
33.0,25992,18
33.01,25992,18
33.02,25992,18
33.03,25992,18
33.04,25992,18
33.05,24548,17
33.06,24548,17
33.07,25992,18
33.08,25992,18
33.09,25992,18
33.1,25992,18
33.11,25992,18
33.12,25992,18
33.13,25992,18
33.14,25992,18
33.15,25992,18
33.16,25992,18
33.17,25992,18
33.18,24548,17
33.19,24548,17
33.2,25992,18
33.21,25992,18
33.22,25992,18
33.23,25992,18
33.24,25992,18
33.25,25992,18
33.26,25992,18
33.27,25992,18
33.28,25992,18
33.29,25992,18
33.3,24548,17
33.31,24548,17
33.32,25992,18
33.33,25992,18
33.34,25992,18
33.35,25992,18
33.36,25992,18
33.37,25992,18
33.38,25992,18
33.39,25992,18
33.4,25992,18
33.41,25992,18
33.42,25992,18
33.43,24548,17
33.44,24548,17
33.45,25992,18
33.46,25992,18
33.47,25992,18
33.48,25992,18
33.49,25992,18
33.5,25992,18
33.51,25992,18
33.52,25992,18
33.53,25992,18
33.54,25992,18
33.55,24548,17
33.56,24548,17
33.57,25992,18
33.58,25992,18
33.59,25992,18
33.6,25992,18
33.61,25992,18
33.62,25992,18
33.63,25992,18
33.64,25992,18
33.65,25992,18
33.66,25992,18
33.67,25992,18
33.68,24548,17
33.69,24548,17
33.7,25992,18
33.71,25992,18
33.72,25992,18
33.73,25992,18
33.74,25992,18
33.75,25992,18
33.76,25992,18
33.77,25992,18
33.78,25992,18
33.79,25992,18
33.8,24548,17
33.81,24548,17
33.82,25992,18
33.83,25992,18
33.84,25992,18
33.85,25992,18
33.86,25992,18
33.87,25992,18
33.88,25992,18
33.89,25992,18
33.9,25992,18
33.91,25992,18
33.92,25992,18
33.93,24548,17
33.94,24548,17
33.95,25992,18
33.96,25992,18
33.97,25992,18
33.98,25992,18
33.99,25992,18
34.0,25992,18
34.01,25992,18
34.02,25992,18
34.03,25992,18
34.04,25992,18
34.05,25992,18
34.06,23104,16
34.07,25992,18
34.08,25992,18
34.09,25992,18
34.1,25992,18
34.11,25992,18
34.12,25992,18
34.13,25992,18
34.14,25992,18
34.15,25992,18
34.16,25992,18
34.17,25992,18
34.18,24548,17
34.19,24548,17
34.2,25992,18
34.21,25992,18
34.22,25992,18
34.23,25992,18
34.24,25992,18
34.25,25992,18
34.26,25992,18
34.27,25992,18
34.28,25992,18
34.29,25992,18
34.3,24548,17
34.31,24548,17
34.32,25992,18
34.33,25992,18
34.34,25992,18
34.35,25992,18
34.36,25992,18
34.37,25992,18
34.38,25992,18
34.39,25992,18
34.4,25992,18
34.41,25992,18
34.42,25992,18
34.43,24548,17
34.44,24548,17
34.45,25992,18
34.46,25992,18
34.47,25992,18
34.48,25992,18
34.49,25992,18
34.5,25992,18
34.51,25992,18
34.52,25992,18
34.53,25992,18
34.54,25992,18
34.55,25992,18
34.56,23104,16
34.57,25992,18
34.58,25992,18
34.59,25992,18
34.6,25992,18
34.61,25992,18
34.62,25992,18
34.63,25992,18
34.64,25992,18
34.65,25992,18
34.66,25992,18
34.67,25992,18
34.68,23104,16
34.69,25992,18
34.7,25992,18
34.71,25992,18
34.72,25992,18
34.73,25992,18
34.74,25992,18
34.75,25992,18
34.76,25992,18
34.77,25992,18
34.78,25992,18
34.79,25992,18
34.8,24548,17
34.81,24548,17
34.82,25992,18
34.83,25992,18
34.84,25992,18
34.85,25992,18
34.86,25992,18
34.87,25992,18
34.88,25992,18
34.89,25992,18
34.9,25992,18
34.91,25992,18
34.92,25992,18
34.93,24548,17
34.94,24548,17
34.95,25992,18
34.96,25992,18
34.97,25992,18
34.98,25992,18
34.99,25992,18
35.0,8664,6
